alias,code,emoji
"grinning","\U0001f600","ğŸ˜€"
"smiley","\U0001f603","ğŸ˜ƒ"
"smile","\U0001f604","ğŸ˜„"
"grin","\U0001f601","ğŸ˜"
"laughing","\U0001f606","ğŸ˜†"
"satisfied","\U0001f606","ğŸ˜†"
"sweat_smile","\U0001f605","ğŸ˜…"
"joy","\U0001f602","ğŸ˜‚"
"rofl","\U0001f923","ğŸ¤£"
"rolling_on_the_floor_laughing","\U0001f923","ğŸ¤£"
"relaxed","\u263a\ufe0f","â˜ºï¸"
"blush","\U0001f60a","ğŸ˜Š"
"innocent","\U0001f607","ğŸ˜‡"
"slight_smile","\U0001f642","ğŸ™‚"
"slightly_smiling_face","\U0001f642","ğŸ™‚"
"upside_down","\U0001f643","ğŸ™ƒ"
"upside_down_face","\U0001f643","ğŸ™ƒ"
"wink","\U0001f609","ğŸ˜‰"
"relieved","\U0001f60c","ğŸ˜Œ"
"smiling_face_with_tear","\U0001f972","ğŸ¥²"
"heart_eyes","\U0001f60d","ğŸ˜"
"smiling_face_with_3_hearts","\U0001f970","ğŸ¥°"
"kissing_heart","\U0001f618","ğŸ˜˜"
"kissing","\U0001f617","ğŸ˜—"
"kissing_smiling_eyes","\U0001f619","ğŸ˜™"
"kissing_closed_eyes","\U0001f61a","ğŸ˜š"
"yum","\U0001f60b","ğŸ˜‹"
"stuck_out_tongue","\U0001f61b","ğŸ˜›"
"stuck_out_tongue_closed_eyes","\U0001f61d","ğŸ˜"
"stuck_out_tongue_winking_eye","\U0001f61c","ğŸ˜œ"
"zany_face","\U0001f92a","ğŸ¤ª"
"face_with_raised_eyebrow","\U0001f928","ğŸ¤¨"
"face_with_monocle","\U0001f9d0","ğŸ§"
"nerd","\U0001f913","ğŸ¤“"
"nerd_face","\U0001f913","ğŸ¤“"
"sunglasses","\U0001f60e","ğŸ˜"
"star_struck","\U0001f929","ğŸ¤©"
"partying_face","\U0001f973","ğŸ¥³"
"smirk","\U0001f60f","ğŸ˜"
"unamused","\U0001f612","ğŸ˜’"
"disappointed","\U0001f61e","ğŸ˜"
"pensive","\U0001f614","ğŸ˜”"
"worried","\U0001f61f","ğŸ˜Ÿ"
"confused","\U0001f615","ğŸ˜•"
"slight_frown","\U0001f641","ğŸ™"
"slightly_frowning_face","\U0001f641","ğŸ™"
"frowning2","\u2639\ufe0f","â˜¹ï¸"
"white_frowning_face","\u2639\ufe0f","â˜¹ï¸"
"persevere","\U0001f623","ğŸ˜£"
"confounded","\U0001f616","ğŸ˜–"
"tired_face","\U0001f62b","ğŸ˜«"
"weary","\U0001f629","ğŸ˜©"
"pleading_face","\U0001f97a","ğŸ¥º"
"cry","\U0001f622","ğŸ˜¢"
"sob","\U0001f62d","ğŸ˜­"
"triumph","\U0001f624","ğŸ˜¤"
"face_exhaling","\U0001f62e\u200d\U0001f4a8","ğŸ˜®â€ğŸ’¨"
"angry","\U0001f620","ğŸ˜ "
"rage","\U0001f621","ğŸ˜¡"
"face_with_symbols_over_mouth","\U0001f92c","ğŸ¤¬"
"exploding_head","\U0001f92f","ğŸ¤¯"
"flushed","\U0001f633","ğŸ˜³"
"face_in_clouds","\U0001f636\u200d\U0001f32b\ufe0f","ğŸ˜¶â€ğŸŒ«ï¸"
"hot_face","\U0001f975","ğŸ¥µ"
"cold_face","\U0001f976","ğŸ¥¶"
"scream","\U0001f631","ğŸ˜±"
"fearful","\U0001f628","ğŸ˜¨"
"cold_sweat","\U0001f630","ğŸ˜°"
"disappointed_relieved","\U0001f625","ğŸ˜¥"
"sweat","\U0001f613","ğŸ˜“"
"hugging","\U0001f917","ğŸ¤—"
"hugging_face","\U0001f917","ğŸ¤—"
"thinking","\U0001f914","ğŸ¤”"
"thinking_face","\U0001f914","ğŸ¤”"
"face_with_hand_over_mouth","\U0001f92d","ğŸ¤­"
"yawning_face","\U0001f971","ğŸ¥±"
"shushing_face","\U0001f92b","ğŸ¤«"
"lying_face","\U0001f925","ğŸ¤¥"
"liar","\U0001f925","ğŸ¤¥"
"no_mouth","\U0001f636","ğŸ˜¶"
"neutral_face","\U0001f610","ğŸ˜"
"expressionless","\U0001f611","ğŸ˜‘"
"grimacing","\U0001f62c","ğŸ˜¬"
"rolling_eyes","\U0001f644","ğŸ™„"
"face_with_rolling_eyes","\U0001f644","ğŸ™„"
"hushed","\U0001f62f","ğŸ˜¯"
"frowning","\U0001f626","ğŸ˜¦"
"anguished","\U0001f627","ğŸ˜§"
"open_mouth","\U0001f62e","ğŸ˜®"
"astonished","\U0001f632","ğŸ˜²"
"sleeping","\U0001f634","ğŸ˜´"
"drooling_face","\U0001f924","ğŸ¤¤"
"drool","\U0001f924","ğŸ¤¤"
"sleepy","\U0001f62a","ğŸ˜ª"
"dizzy_face","\U0001f635","ğŸ˜µ"
"face_with_spiral_eyes","\U0001f635\u200d\U0001f4ab","ğŸ˜µâ€ğŸ’«"
"zipper_mouth","\U0001f910","ğŸ¤"
"zipper_mouth_face","\U0001f910","ğŸ¤"
"woozy_face","\U0001f974","ğŸ¥´"
"nauseated_face","\U0001f922","ğŸ¤¢"
"sick","\U0001f922","ğŸ¤¢"
"face_vomiting","\U0001f92e","ğŸ¤®"
"sneezing_face","\U0001f927","ğŸ¤§"
"sneeze","\U0001f927","ğŸ¤§"
"mask","\U0001f637","ğŸ˜·"
"thermometer_face","\U0001f912","ğŸ¤’"
"face_with_thermometer","\U0001f912","ğŸ¤’"
"head_bandage","\U0001f915","ğŸ¤•"
"face_with_head_bandage","\U0001f915","ğŸ¤•"
"money_mouth","\U0001f911","ğŸ¤‘"
"money_mouth_face","\U0001f911","ğŸ¤‘"
"cowboy","\U0001f920","ğŸ¤ "
"face_with_cowboy_hat","\U0001f920","ğŸ¤ "
"disguised_face","\U0001f978","ğŸ¥¸"
"smiling_imp","\U0001f608","ğŸ˜ˆ"
"imp","\U0001f47f","ğŸ‘¿"
"japanese_ogre","\U0001f479","ğŸ‘¹"
"japanese_goblin","\U0001f47a","ğŸ‘º"
"clown","\U0001f921","ğŸ¤¡"
"clown_face","\U0001f921","ğŸ¤¡"
"poop","\U0001f4a9","ğŸ’©"
"shit","\U0001f4a9","ğŸ’©"
"hankey","\U0001f4a9","ğŸ’©"
"poo","\U0001f4a9","ğŸ’©"
"ghost","\U0001f47b","ğŸ‘»"
"skull","\U0001f480","ğŸ’€"
"skeleton","\U0001f480","ğŸ’€"
"skull_crossbones","\u2620\ufe0f","â˜ ï¸"
"skull_and_crossbones","\u2620\ufe0f","â˜ ï¸"
"alien","\U0001f47d","ğŸ‘½"
"space_invader","\U0001f47e","ğŸ‘¾"
"robot","\U0001f916","ğŸ¤–"
"robot_face","\U0001f916","ğŸ¤–"
"jack_o_lantern","\U0001f383","ğŸƒ"
"smiley_cat","\U0001f63a","ğŸ˜º"
"smile_cat","\U0001f638","ğŸ˜¸"
"joy_cat","\U0001f639","ğŸ˜¹"
"heart_eyes_cat","\U0001f63b","ğŸ˜»"
"smirk_cat","\U0001f63c","ğŸ˜¼"
"kissing_cat","\U0001f63d","ğŸ˜½"
"scream_cat","\U0001f640","ğŸ™€"
"crying_cat_face","\U0001f63f","ğŸ˜¿"
"pouting_cat","\U0001f63e","ğŸ˜¾"
"palms_up_together","\U0001f932","ğŸ¤²"
"open_hands","\U0001f450","ğŸ‘"
"raised_hands","\U0001f64c","ğŸ™Œ"
"clap","\U0001f44f","ğŸ‘"
"handshake","\U0001f91d","ğŸ¤"
"shaking_hands","\U0001f91d","ğŸ¤"
"thumbsup","\U0001f44d","ğŸ‘"
"1","\U0001f44d","ğŸ‘"
"thumbup","\U0001f44d","ğŸ‘"
"thumbsdown","\U0001f44e","ğŸ‘"
"-1","\U0001f44e","ğŸ‘"
"thumbdown","\U0001f44e","ğŸ‘"
"punch","\U0001f44a","ğŸ‘Š"
"fist","\u270a","âœŠ"
"left_facing_fist","\U0001f91b","ğŸ¤›"
"left_fist","\U0001f91b","ğŸ¤›"
"right_facing_fist","\U0001f91c","ğŸ¤œ"
"right_fist","\U0001f91c","ğŸ¤œ"
"fingers_crossed","\U0001f91e","ğŸ¤"
"hand_with_index_and_middle_finger_crossed","\U0001f91e","ğŸ¤"
"v","\u270c\ufe0f","âœŒï¸"
"love_you_gesture","\U0001f91f","ğŸ¤Ÿ"
"metal","\U0001f918","ğŸ¤˜"
"sign_of_the_horns","\U0001f918","ğŸ¤˜"
"ok_hand","\U0001f44c","ğŸ‘Œ"
"pinching_hand","\U0001f90f","ğŸ¤"
"pinched_fingers","\U0001f90c","ğŸ¤Œ"
"point_left","\U0001f448","ğŸ‘ˆ"
"point_right","\U0001f449","ğŸ‘‰"
"point_up_2","\U0001f446","ğŸ‘†"
"point_down","\U0001f447","ğŸ‘‡"
"point_up","\u261d\ufe0f","â˜ï¸"
"raised_hand","\u270b","âœ‹"
"raised_back_of_hand","\U0001f91a","ğŸ¤š"
"back_of_hand","\U0001f91a","ğŸ¤š"
"hand_splayed","\U0001f590\ufe0f","ğŸ–ï¸"
"raised_hand_with_fingers_splayed","\U0001f590\ufe0f","ğŸ–ï¸"
"vulcan","\U0001f596","ğŸ––"
"raised_hand_with_part_between_middle_and_ring_fingers","\U0001f596","ğŸ––"
"wave","\U0001f44b","ğŸ‘‹"
"call_me","\U0001f919","ğŸ¤™"
"call_me_hand","\U0001f919","ğŸ¤™"
"muscle","\U0001f4aa","ğŸ’ª"
"mechanical_arm","\U0001f9be","ğŸ¦¾"
"middle_finger","\U0001f595","ğŸ–•"
"reversed_hand_with_middle_finger_extended","\U0001f595","ğŸ–•"
"writing_hand","\u270d\ufe0f","âœï¸"
"pray","\U0001f64f","ğŸ™"
"foot","\U0001f9b6","ğŸ¦¶"
"leg","\U0001f9b5","ğŸ¦µ"
"mechanical_leg","\U0001f9bf","ğŸ¦¿"
"lipstick","\U0001f484","ğŸ’„"
"kiss","\U0001f48b","ğŸ’‹"
"lips","\U0001f444","ğŸ‘„"
"tooth","\U0001f9b7","ğŸ¦·"
"tongue","\U0001f445","ğŸ‘…"
"ear","\U0001f442","ğŸ‘‚"
"ear_with_hearing_aid","\U0001f9bb","ğŸ¦»"
"nose","\U0001f443","ğŸ‘ƒ"
"footprints","\U0001f463","ğŸ‘£"
"eye","\U0001f441\ufe0f","ğŸ‘ï¸"
"eyes","\U0001f440","ğŸ‘€"
"brain","\U0001f9e0","ğŸ§ "
"anatomical_heart","\U0001fac0","ğŸ«€"
"lungs","\U0001fac1","ğŸ«"
"bone","\U0001f9b4","ğŸ¦´"
"speaking_head","\U0001f5e3\ufe0f","ğŸ—£ï¸"
"speaking_head_in_silhouette","\U0001f5e3\ufe0f","ğŸ—£ï¸"
"bust_in_silhouette","\U0001f464","ğŸ‘¤"
"busts_in_silhouette","\U0001f465","ğŸ‘¥"
"people_hugging","\U0001fac2","ğŸ«‚"
"baby","\U0001f476","ğŸ‘¶"
"girl","\U0001f467","ğŸ‘§"
"child","\U0001f9d2","ğŸ§’"
"boy","\U0001f466","ğŸ‘¦"
"woman","\U0001f469","ğŸ‘©"
"adult","\U0001f9d1","ğŸ§‘"
"man","\U0001f468","ğŸ‘¨"
"person_curly_hair","\U0001f9d1\u200d\U0001f9b1","ğŸ§‘â€ğŸ¦±"
"woman_curly_haired","\U0001f469\u200d\U0001f9b1","ğŸ‘©â€ğŸ¦±"
"man_curly_haired","\U0001f468\u200d\U0001f9b1","ğŸ‘¨â€ğŸ¦±"
"person_red_hair","\U0001f9d1\u200d\U0001f9b0","ğŸ§‘â€ğŸ¦°"
"woman_red_haired","\U0001f469\u200d\U0001f9b0","ğŸ‘©â€ğŸ¦°"
"man_red_haired","\U0001f468\u200d\U0001f9b0","ğŸ‘¨â€ğŸ¦°"
"blond_haired_woman","\U0001f471\u200d\u2640\ufe0f","ğŸ‘±â€â™€ï¸"
"blond_haired_person","\U0001f471","ğŸ‘±"
"person_with_blond_hair","\U0001f471","ğŸ‘±"
"blond_haired_man","\U0001f471\u200d\u2642\ufe0f","ğŸ‘±â€â™‚ï¸"
"person_white_hair","\U0001f9d1\u200d\U0001f9b3","ğŸ§‘â€ğŸ¦³"
"woman_white_haired","\U0001f469\u200d\U0001f9b3","ğŸ‘©â€ğŸ¦³"
"man_white_haired","\U0001f468\u200d\U0001f9b3","ğŸ‘¨â€ğŸ¦³"
"person_bald","\U0001f9d1\u200d\U0001f9b2","ğŸ§‘â€ğŸ¦²"
"woman_bald","\U0001f469\u200d\U0001f9b2","ğŸ‘©â€ğŸ¦²"
"man_bald","\U0001f468\u200d\U0001f9b2","ğŸ‘¨â€ğŸ¦²"
"bearded_person","\U0001f9d4","ğŸ§”"
"man_beard","\U0001f9d4\u200d\u2642\ufe0f","ğŸ§”â€â™‚ï¸"
"woman_beard","\U0001f9d4\u200d\u2640\ufe0f","ğŸ§”â€â™€ï¸"
"older_woman","\U0001f475","ğŸ‘µ"
"grandma","\U0001f475","ğŸ‘µ"
"older_adult","\U0001f9d3","ğŸ§“"
"older_man","\U0001f474","ğŸ‘´"
"man_with_chinese_cap","\U0001f472","ğŸ‘²"
"man_with_gua_pi_mao","\U0001f472","ğŸ‘²"
"person_wearing_turban","\U0001f473","ğŸ‘³"
"man_with_turban","\U0001f473","ğŸ‘³"
"woman_wearing_turban","\U0001f473\u200d\u2640\ufe0f","ğŸ‘³â€â™€ï¸"
"man_wearing_turban","\U0001f473\u200d\u2642\ufe0f","ğŸ‘³â€â™‚ï¸"
"woman_with_headscarf","\U0001f9d5","ğŸ§•"
"police_officer","\U0001f46e","ğŸ‘®"
"cop","\U0001f46e","ğŸ‘®"
"woman_police_officer","\U0001f46e\u200d\u2640\ufe0f","ğŸ‘®â€â™€ï¸"
"man_police_officer","\U0001f46e\u200d\u2642\ufe0f","ğŸ‘®â€â™‚ï¸"
"construction_worker","\U0001f477","ğŸ‘·"
"woman_construction_worker","\U0001f477\u200d\u2640\ufe0f","ğŸ‘·â€â™€ï¸"
"man_construction_worker","\U0001f477\u200d\u2642\ufe0f","ğŸ‘·â€â™‚ï¸"
"guard","\U0001f482","ğŸ’‚"
"guardsman","\U0001f482","ğŸ’‚"
"woman_guard","\U0001f482\u200d\u2640\ufe0f","ğŸ’‚â€â™€ï¸"
"man_guard","\U0001f482\u200d\u2642\ufe0f","ğŸ’‚â€â™‚ï¸"
"detective","\U0001f575\ufe0f","ğŸ•µï¸"
"spy","\U0001f575\ufe0f","ğŸ•µï¸"
"sleuth_or_spy","\U0001f575\ufe0f","ğŸ•µï¸"
"woman_detective","\U0001f575\ufe0f\u200d\u2640\ufe0f","ğŸ•µï¸â€â™€ï¸"
"man_detective","\U0001f575\ufe0f\u200d\u2642\ufe0f","ğŸ•µï¸â€â™‚ï¸"
"health_worker","\U0001f9d1\u200d\u2695\ufe0f","ğŸ§‘â€âš•ï¸"
"woman_health_worker","\U0001f469\u200d\u2695\ufe0f","ğŸ‘©â€âš•ï¸"
"man_health_worker","\U0001f468\u200d\u2695\ufe0f","ğŸ‘¨â€âš•ï¸"
"farmer","\U0001f9d1\u200d\U0001f33e","ğŸ§‘â€ğŸŒ¾"
"woman_farmer","\U0001f469\u200d\U0001f33e","ğŸ‘©â€ğŸŒ¾"
"man_farmer","\U0001f468\u200d\U0001f33e","ğŸ‘¨â€ğŸŒ¾"
"cook","\U0001f9d1\u200d\U0001f373","ğŸ§‘â€ğŸ³"
"woman_cook","\U0001f469\u200d\U0001f373","ğŸ‘©â€ğŸ³"
"man_cook","\U0001f468\u200d\U0001f373","ğŸ‘¨â€ğŸ³"
"student","\U0001f9d1\u200d\U0001f393","ğŸ§‘â€ğŸ“"
"woman_student","\U0001f469\u200d\U0001f393","ğŸ‘©â€ğŸ“"
"man_student","\U0001f468\u200d\U0001f393","ğŸ‘¨â€ğŸ“"
"singer","\U0001f9d1\u200d\U0001f3a4","ğŸ§‘â€ğŸ¤"
"woman_singer","\U0001f469\u200d\U0001f3a4","ğŸ‘©â€ğŸ¤"
"man_singer","\U0001f468\u200d\U0001f3a4","ğŸ‘¨â€ğŸ¤"
"teacher","\U0001f9d1\u200d\U0001f3eb","ğŸ§‘â€ğŸ«"
"woman_teacher","\U0001f469\u200d\U0001f3eb","ğŸ‘©â€ğŸ«"
"man_teacher","\U0001f468\u200d\U0001f3eb","ğŸ‘¨â€ğŸ«"
"factory_worker","\U0001f9d1\u200d\U0001f3ed","ğŸ§‘â€ğŸ­"
"woman_factory_worker","\U0001f469\u200d\U0001f3ed","ğŸ‘©â€ğŸ­"
"man_factory_worker","\U0001f468\u200d\U0001f3ed","ğŸ‘¨â€ğŸ­"
"technologist","\U0001f9d1\u200d\U0001f4bb","ğŸ§‘â€ğŸ’»"
"woman_technologist","\U0001f469\u200d\U0001f4bb","ğŸ‘©â€ğŸ’»"
"man_technologist","\U0001f468\u200d\U0001f4bb","ğŸ‘¨â€ğŸ’»"
"office_worker","\U0001f9d1\u200d\U0001f4bc","ğŸ§‘â€ğŸ’¼"
"woman_office_worker","\U0001f469\u200d\U0001f4bc","ğŸ‘©â€ğŸ’¼"
"man_office_worker","\U0001f468\u200d\U0001f4bc","ğŸ‘¨â€ğŸ’¼"
"mechanic","\U0001f9d1\u200d\U0001f527","ğŸ§‘â€ğŸ”§"
"woman_mechanic","\U0001f469\u200d\U0001f527","ğŸ‘©â€ğŸ”§"
"man_mechanic","\U0001f468\u200d\U0001f527","ğŸ‘¨â€ğŸ”§"
"scientist","\U0001f9d1\u200d\U0001f52c","ğŸ§‘â€ğŸ”¬"
"woman_scientist","\U0001f469\u200d\U0001f52c","ğŸ‘©â€ğŸ”¬"
"man_scientist","\U0001f468\u200d\U0001f52c","ğŸ‘¨â€ğŸ”¬"
"artist","\U0001f9d1\u200d\U0001f3a8","ğŸ§‘â€ğŸ¨"
"woman_artist","\U0001f469\u200d\U0001f3a8","ğŸ‘©â€ğŸ¨"
"man_artist","\U0001f468\u200d\U0001f3a8","ğŸ‘¨â€ğŸ¨"
"firefighter","\U0001f9d1\u200d\U0001f692","ğŸ§‘â€ğŸš’"
"woman_firefighter","\U0001f469\u200d\U0001f692","ğŸ‘©â€ğŸš’"
"man_firefighter","\U0001f468\u200d\U0001f692","ğŸ‘¨â€ğŸš’"
"pilot","\U0001f9d1\u200d\u2708\ufe0f","ğŸ§‘â€âœˆï¸"
"woman_pilot","\U0001f469\u200d\u2708\ufe0f","ğŸ‘©â€âœˆï¸"
"man_pilot","\U0001f468\u200d\u2708\ufe0f","ğŸ‘¨â€âœˆï¸"
"astronaut","\U0001f9d1\u200d\U0001f680","ğŸ§‘â€ğŸš€"
"woman_astronaut","\U0001f469\u200d\U0001f680","ğŸ‘©â€ğŸš€"
"man_astronaut","\U0001f468\u200d\U0001f680","ğŸ‘¨â€ğŸš€"
"judge","\U0001f9d1\u200d\u2696\ufe0f","ğŸ§‘â€âš–ï¸"
"woman_judge","\U0001f469\u200d\u2696\ufe0f","ğŸ‘©â€âš–ï¸"
"man_judge","\U0001f468\u200d\u2696\ufe0f","ğŸ‘¨â€âš–ï¸"
"person_with_veil","\U0001f470","ğŸ‘°"
"woman_with_veil","\U0001f470\u200d\u2640\ufe0f","ğŸ‘°â€â™€ï¸"
"bride_with_veil","\U0001f470\u200d\u2640\ufe0f","ğŸ‘°â€â™€ï¸"
"man_with_veil","\U0001f470\u200d\u2642\ufe0f","ğŸ‘°â€â™‚ï¸"
"person_in_tuxedo","\U0001f935","ğŸ¤µ"
"woman_in_tuxedo","\U0001f935\u200d\u2640\ufe0f","ğŸ¤µâ€â™€ï¸"
"man_in_tuxedo","\U0001f935\u200d\u2642\ufe0f","ğŸ¤µâ€â™‚ï¸"
"princess","\U0001f478","ğŸ‘¸"
"prince","\U0001f934","ğŸ¤´"
"superhero","\U0001f9b8","ğŸ¦¸"
"woman_superhero","\U0001f9b8\u200d\u2640\ufe0f","ğŸ¦¸â€â™€ï¸"
"man_superhero","\U0001f9b8\u200d\u2642\ufe0f","ğŸ¦¸â€â™‚ï¸"
"supervillain","\U0001f9b9","ğŸ¦¹"
"woman_supervillain","\U0001f9b9\u200d\u2640\ufe0f","ğŸ¦¹â€â™€ï¸"
"man_supervillain","\U0001f9b9\u200d\u2642\ufe0f","ğŸ¦¹â€â™‚ï¸"
"ninja","\U0001f977","ğŸ¥·"
"mx_claus","\U0001f9d1\u200d\U0001f384","ğŸ§‘â€ğŸ„"
"mrs_claus","\U0001f936","ğŸ¤¶"
"mother_christmas","\U0001f936","ğŸ¤¶"
"santa","\U0001f385","ğŸ…"
"mage","\U0001f9d9","ğŸ§™"
"woman_mage","\U0001f9d9\u200d\u2640\ufe0f","ğŸ§™â€â™€ï¸"
"man_mage","\U0001f9d9\u200d\u2642\ufe0f","ğŸ§™â€â™‚ï¸"
"elf","\U0001f9dd","ğŸ§"
"woman_elf","\U0001f9dd\u200d\u2640\ufe0f","ğŸ§â€â™€ï¸"
"man_elf","\U0001f9dd\u200d\u2642\ufe0f","ğŸ§â€â™‚ï¸"
"vampire","\U0001f9db","ğŸ§›"
"woman_vampire","\U0001f9db\u200d\u2640\ufe0f","ğŸ§›â€â™€ï¸"
"man_vampire","\U0001f9db\u200d\u2642\ufe0f","ğŸ§›â€â™‚ï¸"
"zombie","\U0001f9df","ğŸ§Ÿ"
"woman_zombie","\U0001f9df\u200d\u2640\ufe0f","ğŸ§Ÿâ€â™€ï¸"
"man_zombie","\U0001f9df\u200d\u2642\ufe0f","ğŸ§Ÿâ€â™‚ï¸"
"genie","\U0001f9de","ğŸ§"
"woman_genie","\U0001f9de\u200d\u2640\ufe0f","ğŸ§â€â™€ï¸"
"man_genie","\U0001f9de\u200d\u2642\ufe0f","ğŸ§â€â™‚ï¸"
"merperson","\U0001f9dc","ğŸ§œ"
"mermaid","\U0001f9dc\u200d\u2640\ufe0f","ğŸ§œâ€â™€ï¸"
"merman","\U0001f9dc\u200d\u2642\ufe0f","ğŸ§œâ€â™‚ï¸"
"fairy","\U0001f9da","ğŸ§š"
"woman_fairy","\U0001f9da\u200d\u2640\ufe0f","ğŸ§šâ€â™€ï¸"
"man_fairy","\U0001f9da\u200d\u2642\ufe0f","ğŸ§šâ€â™‚ï¸"
"angel","\U0001f47c","ğŸ‘¼"
"pregnant_woman","\U0001f930","ğŸ¤°"
"expecting_woman","\U0001f930","ğŸ¤°"
"breast_feeding","\U0001f931","ğŸ¤±"
"person_feeding_baby","\U0001f9d1\u200d\U0001f37c","ğŸ§‘â€ğŸ¼"
"woman_feeding_baby","\U0001f469\u200d\U0001f37c","ğŸ‘©â€ğŸ¼"
"man_feeding_baby","\U0001f468\u200d\U0001f37c","ğŸ‘¨â€ğŸ¼"
"person_bowing","\U0001f647","ğŸ™‡"
"bow","\U0001f647","ğŸ™‡"
"woman_bowing","\U0001f647\u200d\u2640\ufe0f","ğŸ™‡â€â™€ï¸"
"man_bowing","\U0001f647\u200d\u2642\ufe0f","ğŸ™‡â€â™‚ï¸"
"person_tipping_hand","\U0001f481","ğŸ’"
"information_desk_person","\U0001f481","ğŸ’"
"woman_tipping_hand","\U0001f481\u200d\u2640\ufe0f","ğŸ’â€â™€ï¸"
"man_tipping_hand","\U0001f481\u200d\u2642\ufe0f","ğŸ’â€â™‚ï¸"
"person_gesturing_no","\U0001f645","ğŸ™…"
"no_good","\U0001f645","ğŸ™…"
"woman_gesturing_no","\U0001f645\u200d\u2640\ufe0f","ğŸ™…â€â™€ï¸"
"man_gesturing_no","\U0001f645\u200d\u2642\ufe0f","ğŸ™…â€â™‚ï¸"
"person_gesturing_ok","\U0001f646","ğŸ™†"
"ok_woman","\U0001f646","ğŸ™†"
"woman_gesturing_ok","\U0001f646\u200d\u2640\ufe0f","ğŸ™†â€â™€ï¸"
"man_gesturing_ok","\U0001f646\u200d\u2642\ufe0f","ğŸ™†â€â™‚ï¸"
"person_raising_hand","\U0001f64b","ğŸ™‹"
"raising_hand","\U0001f64b","ğŸ™‹"
"woman_raising_hand","\U0001f64b\u200d\u2640\ufe0f","ğŸ™‹â€â™€ï¸"
"man_raising_hand","\U0001f64b\u200d\u2642\ufe0f","ğŸ™‹â€â™‚ï¸"
"deaf_person","\U0001f9cf","ğŸ§"
"deaf_woman","\U0001f9cf\u200d\u2640\ufe0f","ğŸ§â€â™€ï¸"
"deaf_man","\U0001f9cf\u200d\u2642\ufe0f","ğŸ§â€â™‚ï¸"
"person_facepalming","\U0001f926","ğŸ¤¦"
"face_palm","\U0001f926","ğŸ¤¦"
"facepalm","\U0001f926","ğŸ¤¦"
"woman_facepalming","\U0001f926\u200d\u2640\ufe0f","ğŸ¤¦â€â™€ï¸"
"man_facepalming","\U0001f926\u200d\u2642\ufe0f","ğŸ¤¦â€â™‚ï¸"
"person_shrugging","\U0001f937","ğŸ¤·"
"shrug","\U0001f937","ğŸ¤·"
"woman_shrugging","\U0001f937\u200d\u2640\ufe0f","ğŸ¤·â€â™€ï¸"
"man_shrugging","\U0001f937\u200d\u2642\ufe0f","ğŸ¤·â€â™‚ï¸"
"person_pouting","\U0001f64e","ğŸ™"
"person_with_pouting_face","\U0001f64e","ğŸ™"
"woman_pouting","\U0001f64e\u200d\u2640\ufe0f","ğŸ™â€â™€ï¸"
"man_pouting","\U0001f64e\u200d\u2642\ufe0f","ğŸ™â€â™‚ï¸"
"person_frowning","\U0001f64d","ğŸ™"
"woman_frowning","\U0001f64d\u200d\u2640\ufe0f","ğŸ™â€â™€ï¸"
"man_frowning","\U0001f64d\u200d\u2642\ufe0f","ğŸ™â€â™‚ï¸"
"person_getting_haircut","\U0001f487","ğŸ’‡"
"haircut","\U0001f487","ğŸ’‡"
"woman_getting_haircut","\U0001f487\u200d\u2640\ufe0f","ğŸ’‡â€â™€ï¸"
"man_getting_haircut","\U0001f487\u200d\u2642\ufe0f","ğŸ’‡â€â™‚ï¸"
"person_getting_massage","\U0001f486","ğŸ’†"
"massage","\U0001f486","ğŸ’†"
"woman_getting_face_massage","\U0001f486\u200d\u2640\ufe0f","ğŸ’†â€â™€ï¸"
"man_getting_face_massage","\U0001f486\u200d\u2642\ufe0f","ğŸ’†â€â™‚ï¸"
"person_in_steamy_room","\U0001f9d6","ğŸ§–"
"woman_in_steamy_room","\U0001f9d6\u200d\u2640\ufe0f","ğŸ§–â€â™€ï¸"
"man_in_steamy_room","\U0001f9d6\u200d\u2642\ufe0f","ğŸ§–â€â™‚ï¸"
"nail_care","\U0001f485","ğŸ’…"
"selfie","\U0001f933","ğŸ¤³"
"dancer","\U0001f483","ğŸ’ƒ"
"man_dancing","\U0001f57a","ğŸ•º"
"male_dancer","\U0001f57a","ğŸ•º"
"people_with_bunny_ears_partying","\U0001f46f","ğŸ‘¯"
"dancers","\U0001f46f","ğŸ‘¯"
"women_with_bunny_ears_partying","\U0001f46f\u200d\u2640\ufe0f","ğŸ‘¯â€â™€ï¸"
"men_with_bunny_ears_partying","\U0001f46f\u200d\u2642\ufe0f","ğŸ‘¯â€â™‚ï¸"
"levitate","\U0001f574\ufe0f","ğŸ•´ï¸"
"man_in_business_suit_levitating","\U0001f574\ufe0f","ğŸ•´ï¸"
"person_in_manual_wheelchair","\U0001f9d1\u200d\U0001f9bd","ğŸ§‘â€ğŸ¦½"
"woman_in_manual_wheelchair","\U0001f469\u200d\U0001f9bd","ğŸ‘©â€ğŸ¦½"
"man_in_manual_wheelchair","\U0001f468\u200d\U0001f9bd","ğŸ‘¨â€ğŸ¦½"
"person_in_motorized_wheelchair","\U0001f9d1\u200d\U0001f9bc","ğŸ§‘â€ğŸ¦¼"
"woman_in_motorized_wheelchair","\U0001f469\u200d\U0001f9bc","ğŸ‘©â€ğŸ¦¼"
"man_in_motorized_wheelchair","\U0001f468\u200d\U0001f9bc","ğŸ‘¨â€ğŸ¦¼"
"person_walking","\U0001f6b6","ğŸš¶"
"walking","\U0001f6b6","ğŸš¶"
"woman_walking","\U0001f6b6\u200d\u2640\ufe0f","ğŸš¶â€â™€ï¸"
"man_walking","\U0001f6b6\u200d\u2642\ufe0f","ğŸš¶â€â™‚ï¸"
"person_with_probing_cane","\U0001f9d1\u200d\U0001f9af","ğŸ§‘â€ğŸ¦¯"
"woman_with_probing_cane","\U0001f469\u200d\U0001f9af","ğŸ‘©â€ğŸ¦¯"
"man_with_probing_cane","\U0001f468\u200d\U0001f9af","ğŸ‘¨â€ğŸ¦¯"
"person_kneeling","\U0001f9ce","ğŸ§"
"woman_kneeling","\U0001f9ce\u200d\u2640\ufe0f","ğŸ§â€â™€ï¸"
"man_kneeling","\U0001f9ce\u200d\u2642\ufe0f","ğŸ§â€â™‚ï¸"
"person_running","\U0001f3c3","ğŸƒ"
"runner","\U0001f3c3","ğŸƒ"
"woman_running","\U0001f3c3\u200d\u2640\ufe0f","ğŸƒâ€â™€ï¸"
"man_running","\U0001f3c3\u200d\u2642\ufe0f","ğŸƒâ€â™‚ï¸"
"person_standing","\U0001f9cd","ğŸ§"
"woman_standing","\U0001f9cd\u200d\u2640\ufe0f","ğŸ§â€â™€ï¸"
"man_standing","\U0001f9cd\u200d\u2642\ufe0f","ğŸ§â€â™‚ï¸"
"people_holding_hands","\U0001f9d1\u200d\U0001f91d\u200d\U0001f9d1","ğŸ§‘â€ğŸ¤â€ğŸ§‘"
"couple","\U0001f46b","ğŸ‘«"
"two_women_holding_hands","\U0001f46d","ğŸ‘­"
"two_men_holding_hands","\U0001f46c","ğŸ‘¬"
"couple_with_heart","\U0001f491","ğŸ’‘"
"couple_with_heart_woman_man","\U0001f469\u200d\u2764\ufe0f\u200d\U0001f468","ğŸ‘©â€â¤ï¸â€ğŸ‘¨"
"couple_ww","\U0001f469\u200d\u2764\ufe0f\u200d\U0001f469","ğŸ‘©â€â¤ï¸â€ğŸ‘©"
"couple_with_heart_ww","\U0001f469\u200d\u2764\ufe0f\u200d\U0001f469","ğŸ‘©â€â¤ï¸â€ğŸ‘©"
"couple_mm","\U0001f468\u200d\u2764\ufe0f\u200d\U0001f468","ğŸ‘¨â€â¤ï¸â€ğŸ‘¨"
"couple_with_heart_mm","\U0001f468\u200d\u2764\ufe0f\u200d\U0001f468","ğŸ‘¨â€â¤ï¸â€ğŸ‘¨"
"couplekiss","\U0001f48f","ğŸ’"
"kiss_woman_man","\U0001f469\u200d\u2764\ufe0f\u200d\U0001f48b\u200d\U0001f468","ğŸ‘©â€â¤ï¸â€ğŸ’‹â€ğŸ‘¨"
"kiss_ww","\U0001f469\u200d\u2764\ufe0f\u200d\U0001f48b\u200d\U0001f469","ğŸ‘©â€â¤ï¸â€ğŸ’‹â€ğŸ‘©"
"couplekiss_ww","\U0001f469\u200d\u2764\ufe0f\u200d\U0001f48b\u200d\U0001f469","ğŸ‘©â€â¤ï¸â€ğŸ’‹â€ğŸ‘©"
"kiss_mm","\U0001f468\u200d\u2764\ufe0f\u200d\U0001f48b\u200d\U0001f468","ğŸ‘¨â€â¤ï¸â€ğŸ’‹â€ğŸ‘¨"
"couplekiss_mm","\U0001f468\u200d\u2764\ufe0f\u200d\U0001f48b\u200d\U0001f468","ğŸ‘¨â€â¤ï¸â€ğŸ’‹â€ğŸ‘¨"
"family","\U0001f46a","ğŸ‘ª"
"family_man_woman_boy","\U0001f468\u200d\U0001f469\u200d\U0001f466","ğŸ‘¨â€ğŸ‘©â€ğŸ‘¦"
"family_mwg","\U0001f468\u200d\U0001f469\u200d\U0001f467","ğŸ‘¨â€ğŸ‘©â€ğŸ‘§"
"family_mwgb","\U0001f468\u200d\U0001f469\u200d\U0001f467\u200d\U0001f466","ğŸ‘¨â€ğŸ‘©â€ğŸ‘§â€ğŸ‘¦"
"family_mwbb","\U0001f468\u200d\U0001f469\u200d\U0001f466\u200d\U0001f466","ğŸ‘¨â€ğŸ‘©â€ğŸ‘¦â€ğŸ‘¦"
"family_mwgg","\U0001f468\u200d\U0001f469\u200d\U0001f467\u200d\U0001f467","ğŸ‘¨â€ğŸ‘©â€ğŸ‘§â€ğŸ‘§"
"family_wwb","\U0001f469\u200d\U0001f469\u200d\U0001f466","ğŸ‘©â€ğŸ‘©â€ğŸ‘¦"
"family_wwg","\U0001f469\u200d\U0001f469\u200d\U0001f467","ğŸ‘©â€ğŸ‘©â€ğŸ‘§"
"family_wwgb","\U0001f469\u200d\U0001f469\u200d\U0001f467\u200d\U0001f466","ğŸ‘©â€ğŸ‘©â€ğŸ‘§â€ğŸ‘¦"
"family_wwbb","\U0001f469\u200d\U0001f469\u200d\U0001f466\u200d\U0001f466","ğŸ‘©â€ğŸ‘©â€ğŸ‘¦â€ğŸ‘¦"
"family_wwgg","\U0001f469\u200d\U0001f469\u200d\U0001f467\u200d\U0001f467","ğŸ‘©â€ğŸ‘©â€ğŸ‘§â€ğŸ‘§"
"family_mmb","\U0001f468\u200d\U0001f468\u200d\U0001f466","ğŸ‘¨â€ğŸ‘¨â€ğŸ‘¦"
"family_mmg","\U0001f468\u200d\U0001f468\u200d\U0001f467","ğŸ‘¨â€ğŸ‘¨â€ğŸ‘§"
"family_mmgb","\U0001f468\u200d\U0001f468\u200d\U0001f467\u200d\U0001f466","ğŸ‘¨â€ğŸ‘¨â€ğŸ‘§â€ğŸ‘¦"
"family_mmbb","\U0001f468\u200d\U0001f468\u200d\U0001f466\u200d\U0001f466","ğŸ‘¨â€ğŸ‘¨â€ğŸ‘¦â€ğŸ‘¦"
"family_mmgg","\U0001f468\u200d\U0001f468\u200d\U0001f467\u200d\U0001f467","ğŸ‘¨â€ğŸ‘¨â€ğŸ‘§â€ğŸ‘§"
"family_woman_boy","\U0001f469\u200d\U0001f466","ğŸ‘©â€ğŸ‘¦"
"family_woman_girl","\U0001f469\u200d\U0001f467","ğŸ‘©â€ğŸ‘§"
"family_woman_girl_boy","\U0001f469\u200d\U0001f467\u200d\U0001f466","ğŸ‘©â€ğŸ‘§â€ğŸ‘¦"
"family_woman_boy_boy","\U0001f469\u200d\U0001f466\u200d\U0001f466","ğŸ‘©â€ğŸ‘¦â€ğŸ‘¦"
"family_woman_girl_girl","\U0001f469\u200d\U0001f467\u200d\U0001f467","ğŸ‘©â€ğŸ‘§â€ğŸ‘§"
"family_man_boy","\U0001f468\u200d\U0001f466","ğŸ‘¨â€ğŸ‘¦"
"family_man_girl","\U0001f468\u200d\U0001f467","ğŸ‘¨â€ğŸ‘§"
"family_man_girl_boy","\U0001f468\u200d\U0001f467\u200d\U0001f466","ğŸ‘¨â€ğŸ‘§â€ğŸ‘¦"
"family_man_boy_boy","\U0001f468\u200d\U0001f466\u200d\U0001f466","ğŸ‘¨â€ğŸ‘¦â€ğŸ‘¦"
"family_man_girl_girl","\U0001f468\u200d\U0001f467\u200d\U0001f467","ğŸ‘¨â€ğŸ‘§â€ğŸ‘§"
"yarn","\U0001f9f6","ğŸ§¶"
"thread","\U0001f9f5","ğŸ§µ"
"coat","\U0001f9e5","ğŸ§¥"
"lab_coat","\U0001f97c","ğŸ¥¼"
"safety_vest","\U0001f9ba","ğŸ¦º"
"womans_clothes","\U0001f45a","ğŸ‘š"
"shirt","\U0001f455","ğŸ‘•"
"jeans","\U0001f456","ğŸ‘–"
"briefs","\U0001fa72","ğŸ©²"
"shorts","\U0001fa73","ğŸ©³"
"necktie","\U0001f454","ğŸ‘”"
"dress","\U0001f457","ğŸ‘—"
"bikini","\U0001f459","ğŸ‘™"
"one_piece_swimsuit","\U0001fa71","ğŸ©±"
"kimono","\U0001f458","ğŸ‘˜"
"sari","\U0001f97b","ğŸ¥»"
"womans_flat_shoe","\U0001f97f","ğŸ¥¿"
"high_heel","\U0001f460","ğŸ‘ "
"sandal","\U0001f461","ğŸ‘¡"
"boot","\U0001f462","ğŸ‘¢"
"mans_shoe","\U0001f45e","ğŸ‘"
"athletic_shoe","\U0001f45f","ğŸ‘Ÿ"
"hiking_boot","\U0001f97e","ğŸ¥¾"
"thong_sandal","\U0001fa74","ğŸ©´"
"socks","\U0001f9e6","ğŸ§¦"
"gloves","\U0001f9e4","ğŸ§¤"
"scarf","\U0001f9e3","ğŸ§£"
"tophat","\U0001f3a9","ğŸ©"
"billed_cap","\U0001f9e2","ğŸ§¢"
"womans_hat","\U0001f452","ğŸ‘’"
"mortar_board","\U0001f393","ğŸ“"
"helmet_with_cross","\u26d1\ufe0f","â›‘ï¸"
"helmet_with_white_cross","\u26d1\ufe0f","â›‘ï¸"
"military_helmet","\U0001fa96","ğŸª–"
"crown","\U0001f451","ğŸ‘‘"
"ring","\U0001f48d","ğŸ’"
"pouch","\U0001f45d","ğŸ‘"
"purse","\U0001f45b","ğŸ‘›"
"handbag","\U0001f45c","ğŸ‘œ"
"briefcase","\U0001f4bc","ğŸ’¼"
"school_satchel","\U0001f392","ğŸ’"
"luggage","\U0001f9f3","ğŸ§³"
"eyeglasses","\U0001f453","ğŸ‘“"
"dark_sunglasses","\U0001f576\ufe0f","ğŸ•¶ï¸"
"goggles","\U0001f97d","ğŸ¥½"
"closed_umbrella","\U0001f302","ğŸŒ‚"
